CustomerID;SalesPerson;rowguid;ModifiedDate
1;adventure-works\pamela0;3F5AE95E-B87D-4AED-95B4-C3797AFCB74F;01-08-2005
2;adventure-works\david8;E552F657-A9AF-4A7D-A645-C429D6E02491;01-08-2006
3;adventure-works\jillian0;130774B1-DB21-4EF3-98C8-C104BCD6ED6D;01-09-2005
4;adventure-works\jillian0;FF862851-1DAA-4044-BE7C-3E85583C054D;01-07-2006
5;adventure-works\shu0;83905BDC-6F5E-4F71-B162-C98DA069F38A;01-09-2006
6;adventure-works\linda3;1A92DF88-BFA2-467D-BD54-FCB9E647FDD7;01-09-2007
7;adventure-works\shu0;03E9273E-B193-448E-9823-FE0C44AEED78;01-07-2006
10;adventure-works\jos�1;CDB6698D-2FF1-4FBA-8F22-60AD1D11DABD;01-09-2006
11;adventure-works\jos�1;750F3495-59C4-48A0-80E1-E37EC60E77D9;01-08-2005
12;adventure-works\garrett1;947BCAF1-1F32-44F3-B9C3-0011F95FBE54;01-08-2006
16;adventure-works\jae0;C9381589-D31C-4EFE-8978-8D3449EB1F0F;01-09-2006
18;adventure-works\michael9;C04D6B4D-94C6-4C5C-A44C-B449C0AC1B45;01-08-2005
19;adventure-works\pamela0;69AE5D43-31BE-4B76-BFBB-5A23C4788BBC;01-04-2007
20;adventure-works\david8;E010C10A-F1C3-4BBA-81CA-A7E083350400;01-09-2005
21;adventure-works\jillian0;564E0B42-4609-43DE-9881-914DA433D82D;01-09-2006
22;adventure-works\jillian0;9774AED6-D673-412D-B481-2573E470B478;01-08-2005
23;adventure-works\shu0;733F8250-3251-4C2A-8C85-C285BB76B7B4;01-09-2006
24;adventure-works\linda3;C111E51D-178D-4DBD-A6FF-F1CCBF4B1AAD;01-09-2006
25;adventure-works\shu0;31D03546-FB2A-4488-890E-4709A659E3F0;01-09-2006
28;adventure-works\jos�1;9B8A04A4-D909-4F49-B1C5-3DE317D69B2A;01-08-2007
29;adventure-works\jos�1;ECA7C8FA-490B-4B97-9C32-043C90F789E8;01-08-2005
30;adventure-works\garrett1;2B15DFB1-831E-49E7-B337-395798B129E7;01-09-2006
34;adventure-works\jae0;9EDDA794-7862-4FF4-B8E2-528847CAB2BD;01-07-2007
37;adventure-works\pamela0;C6EBB29A-CC67-459C-90E3-339E0F912906;01-09-2006
38;adventure-works\david8;E5EDA3F3-4EF1-4806-BD36-E61F3CB2E044;01-09-2007
39;adventure-works\jillian0;6808B1ED-3C9A-401D-B284-9AC31166D9EB;01-09-2006
40;adventure-works\jillian0;AA5E28F6-16C8-4D80-894E-17531F2CF972;01-08-2005
41;adventure-works\shu0;E1BA20ED-DA19-4392-A8A8-C2E670438FFB;01-07-2006
42;adventure-works\linda3;64ACD300-337D-4D39-A2C4-FD5972611934;01-07-2006
43;adventure-works\shu0;9E449D3E-5D79-4F65-A4F1-10DD3B0E0766;01-08-2006
46;adventure-works\jos�1;21849ECF-88C2-4574-89D5-397B84DF1D0F;01-12-2006
47;adventure-works\jos�1;0D9ABE85-D952-432D-831A-8BEB7F4E49D0;01-09-2005
48;adventure-works\garrett1;E656589A-198F-454F-B02F-9CE324457BDF;01-09-2007
52;adventure-works\jae0;8FB34B30-B19D-4AEC-B02E-F1BE942800E5;01-09-2007
55;adventure-works\pamela0;F5D3997B-AD06-46A0-94AF-A4460F4BE471;01-09-2007
56;adventure-works\david8;570B1682-9BB1-4359-984D-8F728E3D6973;01-08-2006
57;adventure-works\jillian0;7FF17923-E670-4F42-87A3-A6D1AF18EA05;01-09-2005
58;adventure-works\jillian0;E324FEE8-1EE7-4B96-854E-CFDA7B0CBBC8;01-11-2005
59;adventure-works\shu0;60708606-604C-44BE-90E1-3A0925B8060E;01-09-2007
60;adventure-works\linda3;A029F31E-433B-4FA4-B442-B291D16A1B9F;01-09-2007
61;adventure-works\shu0;CCC53B43-66A6-47F6-A38E-5DD7CFAFEAA6;01-09-2006
64;adventure-works\jos�1;E6B6F92D-4AC6-4BC7-BF6B-2F3C67498DE7;01-08-2007
65;adventure-works\jos�1;7E082443-8AF6-4BB6-A0F5-1586271D1F2C;01-08-2006
66;adventure-works\garrett1;E91E0048-9A25-489B-96C1-D726DA68FB7C;01-08-2006
70;adventure-works\jae0;89E10B04-064E-4313-8203-91FA98A01B11;01-08-2007
73;adventure-works\pamela0;9D5C135E-BD60-46E0-B371-843391637827;01-08-2005
74;adventure-works\david8;73485E57-076D-4B10-BB48-6043DD873582;01-11-2005
75;adventure-works\jillian0;55CFED0E-1A7B-409C-9AFF-297065965870;01-09-2005
76;adventure-works\jillian0;5227D299-B05E-4D6C-A1C9-DA63154869BA;01-09-2005
77;adventure-works\shu0;B3F9113C-8FCE-47E1-9F04-38A0C68917C6;01-08-2006
78;adventure-works\linda3;8C8083AB-7943-44FA-B1AD-8E3ABD5D66EE;01-08-2005
79;adventure-works\shu0;010D8AA6-CEBA-4097-9E67-3B2A9674FD5F;01-08-2006
82;adventure-works\jos�1;92618ECE-2254-4852-B3B3-46ED2E0E3E1A;01-07-2006
83;adventure-works\jos�1;8E01F170-64D3-4B74-82E1-D1691AE9F37C;01-07-2005
84;adventure-works\garrett1;45A614CE-3137-4A12-8296-24048C18F320;01-08-2005
88;adventure-works\jae0;11FEDA31-15B6-4F08-9357-355371D4D928;01-09-2007
91;adventure-works\pamela0;9F314FC3-9644-4412-A90A-5483F75F665B;01-09-2005
92;adventure-works\david8;672412C3-5D5D-488B-B176-E3DAFAD05D70;01-09-2005
93;adventure-works\jillian0;249B42C2-8EAE-49F1-A560-A90837748654;01-09-2005
94;adventure-works\jillian0;65BE08DA-DFB7-4BC8-AA5C-FAD98B82524E;01-07-2006
95;adventure-works\shu0;EA0BC621-9466-4F04-BBFF-3B361C6F9057;01-07-2007
96;adventure-works\linda3;BAC5B4DA-00B0-4BF1-816A-1E39F676BF9B;01-09-2005
97;adventure-works\shu0;355EB5D8-6B4C-4FFF-B12B-40F89CA4E31D;01-08-2006
100;adventure-works\jos�1;E789F6DD-3159-4DDC-81A8-8571C571656E;01-08-2007
101;adventure-works\jos�1;67AD4F37-2467-4438-A749-D947BEEC3A92;01-08-2006
102;adventure-works\garrett1;959CF74B-1004-43F5-9AB7-4CDD482C847D;01-08-2005
106;adventure-works\jae0;AAFBF7D5-8759-4962-9DEB-77C6E22875F4;01-09-2007
109;adventure-works\pamela0;7585790B-6034-4520-A383-9FA1E8B3E76E;01-09-2007
110;adventure-works\david8;82C2F3F0-63B8-46CC-AEDC-3A856956EF04;01-07-2007
111;adventure-works\jillian0;0122151A-9140-4663-A3EB-A442D88BC1BB;01-12-2005
112;adventure-works\jillian0;5035E4D6-3758-4FA6-A462-2E2ECF52E6F0;01-09-2007
113;adventure-works\shu0;8A84966C-5D38-41CA-990F-AD107558A6B8;01-09-2007
114;adventure-works\linda3;BCC5AE61-8214-44A1-A43C-FBD65C3745AE;01-09-2005
115;adventure-works\shu0;080F7047-8396-4CEC-AB43-56CF41DE4E00;01-08-2006
118;adventure-works\jos�1;5FEAFBD2-4A43-4641-8E94-B3059B2A882E;01-09-2005
119;adventure-works\jos�1;D13245EF-8267-4CB4-87C9-C23155D33E93;01-07-2005
120;adventure-works\garrett1;25863C18-4C9A-4BC9-BE0D-95F4CF67BF7D;01-07-2007
124;adventure-works\jae0;2F614C31-ABAE-42D0-820B-193F0DDC811E;01-08-2006
127;adventure-works\pamela0;EF55103F-ACC7-4BFD-89B1-20A04845E706;01-08-2006
128;adventure-works\david8;03F73E74-8DE5-421E-B5AF-04B259268DD6;01-06-2006
129;adventure-works\jillian0;E03DB34C-BF17-407D-9423-FA22DBFDD292;01-11-2005
130;adventure-works\jillian0;606ECDC2-6443-4E4B-897F-32D4C17AB894;01-09-2006
131;adventure-works\shu0;ED0DF7CC-6234-4D60-8B81-315C019F5356;01-08-2007
132;adventure-works\linda3;7649E8AF-3DAB-43AA-B7DF-9776F84DFB71;01-08-2007
133;adventure-works\shu0;4F61574B-8353-42EC-825C-87896E6E16A4;01-09-2006
136;adventure-works\jos�1;84CD4767-F142-4D9D-9033-AD3ADE34BF74;01-08-2005
137;adventure-works\jos�1;D6A1AEE7-25EF-4417-AB10-65BC21661864;01-11-2005
138;adventure-works\garrett1;91B9EF4B-2FA8-4936-AC71-1FA1B3624D12;01-08-2007
142;adventure-works\jae0;B821D13F-E9DB-4A3B-87D0-7E867A161575;01-09-2007
145;adventure-works\pamela0;FEC5609D-042B-4480-B1BA-55F2D4107327;01-08-2005
146;adventure-works\david8;5475E9DD-98CA-4989-B7A2-3FC929BEEA12;01-07-2005
147;adventure-works\jillian0;03836A0B-7AD8-4115-8D23-6EFA0D8DEEA1;01-09-2006
148;adventure-works\jillian0;79355855-A002-4393-BB6E-36F90913FA4D;01-11-2005
149;adventure-works\shu0;BAA99D94-2FC2-4A1C-8B67-2C3210EB90C3;01-09-2006
150;adventure-works\linda3;285C5DD7-75D6-460D-97BA-AA86D86637C0;01-08-2006
151;adventure-works\shu0;7F2891F7-DD88-470B-95AE-CC9A7D732B1F;01-09-2006
154;adventure-works\jos�1;4F60F75E-B20A-4056-874C-B7F3BD33BF3F;01-09-2007
155;adventure-works\jos�1;3B56CD66-5DDF-430C-AB41-3FF6A1836868;01-09-2005
156;adventure-works\garrett1;CFFFAAFB-98DC-4392-84F9-FB3229F35265;01-09-2005
160;adventure-works\jae0;B42D510D-3AE4-4911-88CF-8D90D6BD0922;01-09-2006
163;adventure-works\pamela0;989F9F3A-7CB8-4083-8CDA-291C682BE73C;01-09-2007
164;adventure-works\david8;5A323ACA-74A2-4CA0-AA3B-E1AE299AAD08;01-08-2005
165;adventure-works\jillian0;3CDBD3EA-DA78-4F9A-8EEC-8DA4C050C817;01-09-2006
166;adventure-works\jillian0;F644D9DC-4CED-49E8-8587-CE859E466DFA;01-07-2005
167;adventure-works\shu0;515D4A13-4E60-4D0C-8F22-BB89A9D312AD;01-08-2005
168;adventure-works\linda3;FCE18386-F492-4D4A-A6D2-FB7EF20C57FC;01-09-2006
169;adventure-works\shu0;2D6BBC35-BC19-4CB4-A61B-46899D3A4237;01-09-2005
172;adventure-works\jos�1;324C671D-DD10-4EE2-857A-767917ACC2A3;01-09-2005
173;adventure-works\jos�1;FDC12E98-898B-4C22-972F-F0EBFBFCB7B0;01-09-2005
174;adventure-works\garrett1;9C4DDEFA-AABD-4A51-AB90-998985FB7D2F;01-09-2005
178;adventure-works\jae0;05B8FB77-FC67-4279-AEBD-4162D21B9A11;01-08-2007
180;adventure-works\michael9;F7CFF29E-F164-424E-B005-BF8CF317AF27;01-09-2005
181;adventure-works\pamela0;3D3D4CD0-7F5D-4BD9-A589-08881095BC5A;01-08-2007
182;adventure-works\david8;D3DA2FF4-51C0-4FCB-A936-1B910458D752;01-09-2007
183;adventure-works\jillian0;B2051957-B411-44E1-BCA5-63FECB5368F2;01-07-2006
184;adventure-works\jillian0;A65C523A-498D-4314-A727-D17A8B2779F6;01-07-2006
185;adventure-works\shu0;5014E91D-7B0E-495A-B429-FF915BE9D2FD;01-07-2007
186;adventure-works\linda3;48D3E26E-C051-4B24-A37F-A88F5294F25F;01-09-2007
187;adventure-works\shu0;3329CE97-BB9F-4C36-9197-A6EEE803BD94;01-09-2005
190;adventure-works\jos�1;91154406-0118-4A11-BB1B-366EDFB5C97A;01-09-2007
191;adventure-works\jos�1;A2F63E12-1C66-41C2-AAC0-57D87F1861D9;01-08-2005
192;adventure-works\garrett1;84401968-8977-4380-9B4E-D5149C8126C0;01-08-2005
196;adventure-works\jae0;5F0EB2D3-4691-4F71-8E9B-A3EACFA4A1D5;01-07-2007
197;adventure-works\michael9;47B64828-BC4C-4940-AA23-92006BF0D7F1;01-09-2006
198;adventure-works\michael9;B17DE285-DF9A-487B-8773-75844A101CD0;01-11-2005
199;adventure-works\pamela0;F0CD52D1-B838-451E-B015-5414AB7D9154;01-08-2007
200;adventure-works\david8;7C96C878-A038-4B2F-825F-016C922D6407;01-07-2005
201;adventure-works\jillian0;FF8EB66D-37D8-46FB-B6E2-30A1FAC37947;01-09-2007
202;adventure-works\jillian0;E50D76BB-E3F7-419F-A6D2-20061538FCEA;01-09-2007
203;adventure-works\shu0;B05AAA08-ABC9-41E1-B113-65347A2EE406;01-07-2005
204;adventure-works\linda3;C807870F-FA5D-44CB-B373-47ECAC52C1D8;01-07-2005
205;adventure-works\shu0;9DB0BD27-5CE6-4F6D-8C90-A85422B86060;01-07-2007
208;adventure-works\jos�1;6005E7A8-0101-4BE2-B8C1-F4AD936E496F;01-08-2005
209;adventure-works\jos�1;E5A50573-0D83-4200-A80C-9F690AF69FCC;01-08-2005
210;adventure-works\garrett1;FF748558-EA94-4C67-A764-D1480B0F8548;01-08-2005
214;adventure-works\jae0;402E4D5F-27C3-4197-87E8-32AA42E41BB6;01-08-2006
217;adventure-works\pamela0;5CFC3A75-DDC6-4C65-B4C3-15BF96C92983;01-11-2006
218;adventure-works\david8;3C098480-0D9B-409C-8156-C7610415AC5B;01-08-2005
219;adventure-works\jillian0;D39CCCE3-C4A6-441D-8A3C-96507627746D;01-03-2007
220;adventure-works\jillian0;81305A48-9F6E-4415-B7AA-488BA04A8F7E;01-07-2007
221;adventure-works\shu0;98EA497E-45D0-4C54-821A-4FDD9A751095;01-07-2005
222;adventure-works\linda3;3DB84B19-4063-4EC2-B1B4-317DEE133A25;01-09-2005
223;adventure-works\shu0;994837FE-10A8-47DF-B7B8-86C4E6932FD0;01-09-2007
226;adventure-works\jos�1;CF860E9B-816A-406E-A64A-7965772D5487;01-08-2006
227;adventure-works\jos�1;1FFA0236-84EE-415A-BE61-94CE863715EA;01-07-2005
228;adventure-works\garrett1;C751DD7E-51D9-4D2D-AEED-C818EEE56CEB;01-09-2007
232;adventure-works\jae0;AA451BD5-FFC2-436C-A295-81B350A5B899;01-07-2007
235;adventure-works\pamela0;A4DF6D50-5068-4FA9-B4CA-A3195EB29BB6;01-09-2006
236;adventure-works\david8;21801FB2-6EA6-4FE5-9444-7E09E8BA907C;01-08-2006
237;adventure-works\jillian0;B8F7D9D3-E498-40C2-8C7E-FB1C98C43756;01-08-2006
238;adventure-works\jillian0;3ECD14CB-463C-4375-B81B-D6E60A48B83D;01-09-2005
239;adventure-works\shu0;48AA4A1E-F209-4B29-A276-113EC94AA6DD;01-09-2006
240;adventure-works\linda3;C581A495-5772-4EB1-943A-9E94E2387814;01-08-2005
241;adventure-works\shu0;FF342E5E-445C-4900-AA71-F15656A7D24D;01-07-2007
244;adventure-works\jos�1;8FF82BED-93D5-4248-99E2-47F53055EC2D;01-06-2008
245;adventure-works\jos�1;4A122BDD-4393-42BC-AD49-37E43A0414F6;01-07-2006
246;adventure-works\garrett1;CEE9F2DF-2BE7-48B9-8E41-343ADC82F8C4;01-07-2006
250;adventure-works\jae0;CB1ED6CB-18A1-4F7C-8079-DC400B6E506F;01-08-2007
253;adventure-works\pamela0;E09AB347-7FB1-453F-A4BD-377E68EC8C33;01-07-2006
254;adventure-works\david8;2F89E8DD-A3C3-4ED4-A604-4B3D45DD1BEA;01-09-2006
255;adventure-works\jillian0;0A21109F-02B0-4601-B4F7-2ED62C342385;01-08-2005
256;adventure-works\jillian0;0B6DB35B-B8B4-4B51-9154-C33E12B38C75;01-08-2005
257;adventure-works\shu0;A24F5A79-DD85-4EB2-A6A2-6E7026763FF8;01-08-2006
258;adventure-works\linda3;5549DF48-409F-4C2A-B97B-900EB598843C;01-08-2006
259;adventure-works\shu0;2C3F7A56-819C-4E83-B791-3CE02366D3CF;01-08-2005
262;adventure-works\jos�1;1C783210-2B1E-46E2-A2C8-23E610FEEB3C;01-09-2006
263;adventure-works\jos�1;F665A873-61A2-4B21-B9FF-B5903BEAF759;01-08-2007
264;adventure-works\garrett1;A5CE11CE-239C-4849-9683-14F37025A2C1;01-08-2007
268;adventure-works\jae0;0C316F6F-5D54-41FD-86A3-6ECAF31A01DD;01-09-2007
271;adventure-works\pamela0;F2765E86-8DEA-468B-849E-9E83AE57C381;01-11-2005
272;adventure-works\david8;B80F890D-A6A1-4DFC-B763-ECD7743C3C2A;01-09-2005
273;adventure-works\jillian0;736DA014-1371-40B2-A401-5BD3267A1E8B;01-09-2005
274;adventure-works\jillian0;02788A66-2628-4B91-B211-1D8F7E73C500;01-07-2006
275;adventure-works\shu0;68DC7932-128E-47CC-80CB-CF2B1A352F3C;01-07-2007
276;adventure-works\linda3;09E2CB2A-B0CA-4376-ABE7-E9240EAD2C16;01-09-2007
277;adventure-works\shu0;37156292-0D92-4F6B-9014-CCB0B29E9F9A;01-09-2006
280;adventure-works\jos�1;73B26C19-1113-427F-BBAB-BEB6FCDA33C3;01-08-2006
281;adventure-works\jos�1;B3B07166-1798-41B4-A7C2-0579292008C4;01-09-2007
282;adventure-works\garrett1;CF04F255-D817-4EC9-9D99-4580B1ED0CE2;01-09-2007
286;adventure-works\jae0;6266CCC4-1AF0-42E0-BCA4-B33EA6838EEE;01-07-2006
287;adventure-works\michael9;448CBBFE-EDDC-443D-B7C8-57AEAA463BE5;01-08-2005
288;adventure-works\michael9;44EDC8AC-BB0E-418E-BDD3-4F7691381633;01-12-2006
289;adventure-works\pamela0;A42D0F51-C2BC-433D-B2BD-61C516296669;01-08-2005
290;adventure-works\david8;D0DCDE2D-8C38-48FC-9D83-5EBE8A8577AE;01-07-2006
291;adventure-works\jillian0;A5AA95AD-8C82-4E50-944F-39F6BDD0A8A8;01-09-2006
292;adventure-works\jillian0;E1E960B9-5A86-475D-80FE-B64191AEB1DA;01-07-2005
293;adventure-works\shu0;B37A0D83-7ED6-4C58-A476-F59B7AE4FC85;01-09-2005
294;adventure-works\linda3;592B130D-BFF6-4744-B0B6-02F706504993;01-09-2005
295;adventure-works\shu0;BB5324B1-9ACE-4AAE-8711-41090EDCE4E0;01-09-2007
298;adventure-works\jos�1;16101465-48B9-4147-9C53-6610FEADF778;01-09-2007
299;adventure-works\jos�1;1CEA8D76-4A20-4D76-9DA2-A3777FD7E693;01-07-2006
300;adventure-works\garrett1;7256F9B7-5253-4384-B8DE-60B6F0ADF5A6;01-09-2006
304;adventure-works\jae0;C332C909-EE43-4312-A9D8-B2365A0160EA;01-09-2007
306;adventure-works\michael9;F8F2835D-F5F0-4070-8465-46BFC815153B;01-09-2006
307;adventure-works\pamela0;D11D9DAE-D5D1-440B-BE3F-48D307E942A6;01-08-2007
308;adventure-works\david8;D2B47DAD-E684-449B-992C-15DE391C0FCC;01-09-2007
309;adventure-works\jillian0;A80B5E25-5EF4-4910-B70B-B2D1F5B207C2;01-08-2005
310;adventure-works\jillian0;0D9A0E94-F5E9-4021-8E81-F7F2F18144B1;01-08-2006
311;adventure-works\shu0;F070050E-2B33-41A2-A995-D9DF09EB3AE3;01-09-2006
312;adventure-works\linda3;067BB7DA-557D-4145-910C-EE0C82CAA0E4;01-08-2005
313;adventure-works\shu0;2157D9A9-A284-4001-973A-27196613681A;01-11-2005
316;adventure-works\jos�1;8C95E9D8-88D0-4E6A-8149-B4C6C79E65BD;01-08-2007
317;adventure-works\jos�1;5EEF4DAA-8514-43A3-B96A-D99E19E3C2E8;01-08-2005
318;adventure-works\garrett1;D241D8F1-5A7A-41B3-8723-1E2B1A9FDBF6;01-08-2005
322;adventure-works\jae0;1C56E02D-69F4-4C0D-965B-2B7F54AA0A34;01-09-2006
323;adventure-works\michael9;0DA4F03E-47E9-4BED-B149-9C18CEE9EB30;01-08-2006
325;adventure-works\pamela0;6340AC77-4FBD-4EEC-9D60-5009D428674A;01-07-2006
326;adventure-works\david8;81C81C0D-73EB-442D-BEB0-D03AD4AF5048;01-08-2005
327;adventure-works\jillian0;CDD7480F-7284-453A-A7CA-910535D40583;01-09-2006
328;adventure-works\jillian0;84A86A42-C9F8-4B4A-A1A6-28E4E448FB8C;01-08-2005
329;adventure-works\shu0;35DE20D0-B72D-440B-8C55-6E8AD6643335;01-08-2005
330;adventure-works\linda3;09480748-3F10-4C0F-9BF1-EBEFAD6540CF;01-12-2005
331;adventure-works\shu0;9B6D55BD-1BFD-489B-A09D-CA2DE42C7C16;01-07-2007
334;adventure-works\jos�1;777D62E5-3C77-4CEF-8AF6-8A4648F49EB9;01-08-2006
335;adventure-works\jos�1;F8BF1985-3C65-400F-BD46-92F88008F003;01-08-2005
336;adventure-works\garrett1;0341CA02-F44F-4604-8E20-A749B90FD976;01-08-2005
340;adventure-works\jae0;191FE023-2354-4FBB-88D7-B57ADC3428D8;01-09-2006
343;adventure-works\pamela0;DAE8EF10-88DA-4F94-B6A7-A9745F250DB2;01-08-2006
344;adventure-works\david8;AA3B69DF-40CF-45B8-9250-F69EF6DB1C15;01-07-2005
345;adventure-works\jillian0;131056AB-E899-43BF-91E6-D92F44456655;01-08-2006
346;adventure-works\jillian0;B3E143FD-F617-401E-AAD9-C50BC280ED18;01-08-2005
347;adventure-works\shu0;2DE20D49-86F7-40C0-950D-12C93EA94B35;01-08-2005
348;adventure-works\linda3;BA20E529-555E-4D2C-83F0-DCBA833230AF;01-08-2005
349;adventure-works\shu0;B23474BF-01CC-4A5E-902C-D6A4EB5ED777;01-09-2006
352;adventure-works\jos�1;5617D4F8-C3A1-4408-8895-AE3F7E0EFA05;01-08-2006
353;adventure-works\jos�1;3B2E5C36-0827-4A31-B112-F347AD588822;01-08-2005
354;adventure-works\garrett1;B65DFD89-49C5-4530-B819-B6E84F3531A6;01-08-2005
358;adventure-works\jae0;3ED88E2F-3F29-4E30-93D4-CE38474DED23;01-08-2007
360;adventure-works\michael9;8BE04D7D-1192-4A27-ACA3-926E5F530ABB;01-08-2007
361;adventure-works\pamela0;6F69F454-5199-4B15-B370-D926F8ED104C;01-08-2007
362;adventure-works\david8;D9B640A6-0988-4548-8231-69CA927D49AB;01-08-2007
363;adventure-works\jillian0;3543B21B-0DFA-40DE-998E-A9C3F2FCDA98;01-08-2007
364;adventure-works\jillian0;9D91F4ED-58B5-4A59-9894-8FD17EBDFC9B;01-08-2005
365;adventure-works\shu0;AB87B283-4B2B-48AD-9D10-6B9F2D4D0BAA;01-09-2005
366;adventure-works\linda3;76DA51E9-D61B-488C-A4E7-C7B87FDA2917;01-09-2005
367;adventure-works\shu0;A65D6B08-0B08-453C-B244-CB324A3DFC0C;01-09-2005
370;adventure-works\jos�1;7059E0F6-846D-4A52-8A97-0734CD064892;01-08-2005
371;adventure-works\jos�1;05CF6683-BC27-4062-A60D-995706BBFAB5;01-08-2005
372;adventure-works\garrett1;F377F21A-9A29-49AF-9158-4E3FA8586FF7;01-09-2007
376;adventure-works\jae0;D733948F-DB34-47FF-A618-06123A32E515;01-08-2006
377;adventure-works\michael9;F728AB05-7868-493D-BEBA-F4E7DFAFFF31;01-08-2006
379;adventure-works\pamela0;083C2D9F-7CBB-4CD4-9BBF-30E80C376EE5;01-09-2006
380;adventure-works\david8;5E469335-ACDD-41C8-89FE-0856ED944340;01-07-2006
381;adventure-works\jillian0;5AA5C79E-3C99-4FD2-87E7-B0E67603D5AB;01-08-2006
382;adventure-works\jillian0;7EE0371D-CEFE-4A15-9347-34C232D82AB0;01-09-2006
383;adventure-works\shu0;94DA916C-8E0D-405C-AD3C-CFE9C1DB699A;01-10-2005
384;adventure-works\linda3;7BC25C4C-F0E3-4471-8D8B-E0595061AF6A;01-08-2005
385;adventure-works\shu0;6EDE3BE1-137D-4984-9ECB-EB871AE9059D;01-08-2005
388;adventure-works\jos�1;C0C5EE7E-DD39-401D-9BF5-7EC01D57E57F;01-12-2006
389;adventure-works\jos�1;0FC568B5-2A6B-4C9D-87BC-9B8C6313C9DA;01-08-2005
390;adventure-works\garrett1;D6AB0687-0DB2-460B-A4D2-34AAD4EC9F3D;01-11-2005
394;adventure-works\jae0;F53F2CA8-F244-46B8-A64F-A09F657DB9DC;01-08-2007
395;adventure-works\michael9;8DA056FC-494F-4FE1-8397-0B0736603201;01-09-2006
397;adventure-works\pamela0;B711F333-3277-4885-AB55-5790CF41F27D;01-07-2005
398;adventure-works\david8;E47537DD-645F-458C-A410-A520D38DD7B9;01-07-2006
399;adventure-works\jillian0;BC98B78E-3068-475A-8EAD-FBA537DDE9B9;01-08-2007
400;adventure-works\jillian0;40984282-13F9-4B14-90B3-E7A17180195D;01-09-2007
401;adventure-works\shu0;CC76F684-79AD-4A66-A30E-1B7FB5C917C5;01-08-2005
402;adventure-works\linda3;48941CAA-5B39-497E-AD56-EFD9172D372E;01-08-2005
403;adventure-works\shu0;0484601B-6A04-41BF-9554-3EB22D5B4DC1;01-08-2005
406;adventure-works\jos�1;04C17472-C4DA-40B1-82FA-B08D3828B863;01-12-2006
407;adventure-works\jos�1;5A2338D1-158F-4386-8C30-EFF2BF990669;01-09-2007
408;adventure-works\garrett1;A845D318-D6C0-4E69-B509-83686BD409A6;01-09-2007
412;adventure-works\jae0;BD823AB5-6077-41D3-86C7-7BFA90602024;01-08-2006
415;adventure-works\pamela0;01289F01-9785-4DEA-A896-92592F1F90B2;01-07-2006
416;adventure-works\david8;6B7FF7E6-4028-491E-AC2A-DFBB6278CA57;01-07-2006
417;adventure-works\jillian0;B8B12910-9CE7-4E71-902C-CF267A30FD3B;01-09-2005
418;adventure-works\jillian0;C6A84BC4-4131-4F49-9865-1F05530318CD;01-09-2005
419;adventure-works\shu0;8FE888A7-82D6-4A5A-A7F4-4E69B9D62838;01-09-2005
420;adventure-works\linda3;E4E565BB-00FF-494A-B31F-4BFE14EC2950;01-09-2007
421;adventure-works\shu0;B70D3CF0-B999-46E6-A004-E551C302EF24;01-07-2007
424;adventure-works\jos�1;1907F0A4-BFFE-4A3B-BEC8-76D0AECB2D30;01-09-2006
425;adventure-works\jos�1;B1508150-5C6B-436B-8FF4-41171E6CD517;01-07-2006
426;adventure-works\garrett1;76ECB325-F500-4D90-A4FD-F2A2F8971379;01-08-2006
430;adventure-works\jae0;D18DFA60-7D7E-4900-A0B6-78DF78E4DEEF;01-08-2006
431;adventure-works\michael9;730AF72E-62CC-43C0-B790-975FB1F2DF0D;01-07-2005
433;adventure-works\pamela0;EB0B1054-FF23-4E35-BCFC-10B84B47EA47;01-08-2005
434;adventure-works\david8;0A748427-CCAF-4E93-9551-8F06B976DCAD;01-10-2006
435;adventure-works\jillian0;7624B525-F236-4771-8D0B-FFC8EF75AFA7;01-08-2006
436;adventure-works\jillian0;506DD7E7-E6D0-49E7-ADDC-5CD6C811DD35;01-08-2006
437;adventure-works\shu0;7EE44449-7164-4637-96FE-264004DD31A0;01-07-2006
438;adventure-works\linda3;3F98F477-0DB0-44D4-9155-15243B8FD480;01-12-2005
439;adventure-works\shu0;2B10BD49-1D5C-4E73-A492-95AE4C03C312;01-09-2005
442;adventure-works\jos�1;F41036BB-C3BA-4935-9F16-10DEC1A55C33;01-07-2005
443;adventure-works\jos�1;133CE995-D294-47EE-94CB-468E147214D4;01-09-2007
444;adventure-works\garrett1;A83D6923-A2DF-4C6F-9D39-AF9DE01320DC;01-08-2006
448;adventure-works\jae0;722AEE8F-6B89-4712-BB35-6861AF3065CD;01-09-2007
451;adventure-works\pamela0;D5AE552E-FAFD-49AB-AC05-014484CA1139;01-07-2007
452;adventure-works\david8;A0328ADC-2DBD-47AE-9648-CBAF845EBF74;01-07-2007
453;adventure-works\jillian0;E165218F-456F-4D59-BF10-ACCF3911AE3C;01-09-2005
454;adventure-works\jillian0;D0CC43E1-CF3E-47EA-87F7-2B64C899C56D;01-09-2007
455;adventure-works\shu0;B4200F93-711C-438E-975D-FCCA43632D20;01-09-2007
456;adventure-works\linda3;71FCE014-2BD7-4072-A163-B67CF0217325;01-01-2006
457;adventure-works\shu0;2E58399C-F9B5-406A-A91A-2D7416E697E4;01-09-2006
460;adventure-works\jos�1;E7069C91-9479-4CC0-BE91-991AA1447AF6;01-09-2005
461;adventure-works\jos�1;25EE1C59-AA4A-44E6-AD18-70F2B8FDE302;01-09-2006
462;adventure-works\garrett1;5C085E79-91EE-4855-92C2-BA36CD6980E0;01-02-2007
466;adventure-works\jae0;94B95997-FD84-4632-BB16-6F21FE706051;01-09-2007
468;adventure-works\michael9;ED1FF0E0-836D-42B3-A9DC-F8FAAF32ADBA;01-08-2006
469;adventure-works\pamela0;F9EEC39E-A3A3-41AB-8ABD-1AB31C0B729B;01-08-2005
470;adventure-works\david8;D7B637CF-C957-41C1-AE45-590A1A9F4527;01-09-2007
471;adventure-works\jillian0;7578FA92-B7BF-4FA8-94E3-186B08221382;01-08-2005
472;adventure-works\jillian0;DCEDC9D8-C1FD-4720-95F2-4BE8C5A8B5D1;01-09-2006
473;adventure-works\shu0;BDC2CD6E-0FF5-4AF8-A5B2-EEAF07B882E5;01-09-2005
474;adventure-works\linda3;9437F421-4E1A-4223-8D41-B3008BC7BBC9;01-09-2006
475;adventure-works\shu0;14CA36FA-E45C-421C-BB5A-22CDE0946AEA;01-07-2006
478;adventure-works\jos�1;E76A3EC3-581B-456B-9415-5853EE013816;01-08-2005
479;adventure-works\jos�1;DDF27582-0D9B-45A9-B605-AB01D2C1C3B8;01-08-2006
480;adventure-works\garrett1;3AECCDDA-2012-468E-858E-3BE516A77FA0;01-07-2005
484;adventure-works\jae0;37398B37-B78B-4460-B012-665828C6B9EC;01-08-2006
487;adventure-works\pamela0;4EE55CA2-F2AC-4E5B-BCEC-B23C09FB345B;01-08-2006
488;adventure-works\david8;C4647E94-EB39-4FE5-B856-FA982709A6DA;16-05-2009
489;adventure-works\jillian0;2B107C53-4450-4179-A330-516FF82E4744;01-09-2006
490;adventure-works\jillian0;AB26F88E-ABDE-4122-B772-34940B143427;01-09-2006
491;adventure-works\shu0;28A9945C-B9B3-4A24-B367-D17BCC0AE82E;16-05-2009
492;adventure-works\linda3;8194B68E-AF15-4EDC-B403-6C8F7475492B;01-08-2005
493;adventure-works\shu0;B143978A-3FC9-4077-A70A-DB4DFACEDC79;01-11-2006
496;adventure-works\jos�1;9D1A7488-6CD7-4866-A0A4-DD3A8A850ED0;01-07-2006
497;adventure-works\jos�1;9FC698D8-A5D6-4971-BFB4-9A4D8988DB58;01-09-2006
498;adventure-works\garrett1;E3A756B3-EE63-4AC7-A799-B1FA170EDDE6;01-09-2005
502;adventure-works\jae0;E8DD8339-8804-46F2-AC6C-BCE931FF0831;01-09-2006
504;adventure-works\michael9;240578AC-2179-4ACA-83D8-C647C8F668CD;01-07-2005
505;adventure-works\pamela0;4F32A900-A34B-4448-A72C-196A1C553073;01-07-2007
506;adventure-works\david8;794AA83A-293D-4A91-BCF5-D40471B46569;01-07-2005
507;adventure-works\jillian0;2C2F6363-D05A-4ED4-8896-E321413D4FF3;01-07-2005
508;adventure-works\jillian0;4DA216F0-E0FC-43F1-847B-C0445EBFDA46;01-07-2005
509;adventure-works\shu0;78ED169F-C38F-44F9-9ABC-2A65D87C7F7D;01-09-2007
510;adventure-works\linda3;6EE9D652-6F65-4F4D-AF0B-3A82CB34C5F1;01-07-2005
511;adventure-works\shu0;39A1E62C-4669-4731-9D99-F74D0A4979D7;01-07-2005
514;adventure-works\jos�1;F7FA597E-BE0A-4488-9101-A6CD272DBF47;01-07-2005
515;adventure-works\jos�1;0D4A67DB-594A-4131-A3C8-51C76265B3C5;01-07-2005
516;adventure-works\garrett1;3E567502-B73A-49CB-BFA4-89E32F3BF89D;01-11-2006
520;adventure-works\jae0;34C094D7-8C79-47A5-B192-9597826BD55D;01-08-2007
523;adventure-works\shu0;ED034862-2FAA-4C55-AFB3-052D06A2191E;01-07-2006
526;adventure-works\jos�1;34242469-AE37-497E-920E-AD364D7EFF4C;01-12-2005
527;adventure-works\shu0;B43C442C-796E-4B1F-85F3-233A02F5F7ED;01-08-2005
528;adventure-works\linda3;1264D83B-3ABB-4A87-B473-E30B96F55BB6;01-11-2005
529;adventure-works\shu0;7BA3FEF2-3B40-4490-9601-3D5705B0FF7A;01-08-2006
532;adventure-works\jos�1;60E33181-3EE5-4F24-B543-90F7CA6CFDC2;01-11-2005
533;adventure-works\jos�1;89E3BBB3-134C-465B-A2BD-558EA54D3D9E;01-08-2005
534;adventure-works\garrett1;24A6A509-B31C-49F5-BF0D-6A0C40B5B740;01-11-2005
538;adventure-works\jae0;35E95974-7000-4081-A041-64011DE880A2;01-07-2006
541;adventure-works\pamela0;889515AC-044F-41E5-9D12-B82D6E32EAB6;01-11-2005
542;adventure-works\david8;6AF61284-02DF-41BA-A0E0-2B1728B2CF7A;01-12-2005
543;adventure-works\jillian0;C26F1F97-AF69-4F04-90EB-CAD58466F730;01-06-2007
544;adventure-works\jillian0;70259E78-E301-494B-B26D-40D663DBB3DE;16-05-2009
545;adventure-works\shu0;7118CA63-B79E-4E8A-B70D-7DF409B7F23A;01-09-2005
546;adventure-works\linda3;298DE006-BED6-4E13-B659-3F9422750943;01-08-2006
547;adventure-works\shu0;522CDA1C-21B1-4316-8FD6-654EB8A043BD;01-08-2006
550;adventure-works\jos�1;DEFE32C0-E965-40EE-A991-69DCA4BEDCE6;01-09-2006
551;adventure-works\jos�1;85A3A976-A059-4FB9-BAB9-569C4EAD0869;01-09-2005
552;adventure-works\garrett1;B6D14407-6E95-452D-9ED4-D72D111A5BE7;01-08-2007
556;adventure-works\jae0;AF0745DF-2902-4BDE-9F2B-48CA6A81CEEF;01-08-2007
559;adventure-works\pamela0;487EDB3A-23A8-4D1D-B1FF-FCDDCBDBC97E;01-08-2005
560;adventure-works\david8;B4402FBC-ADE6-41E7-BAEF-11BF1157F658;01-07-2007
561;adventure-works\jillian0;E8C7FF14-1BED-4405-8E3A-B744C8A29CD8;01-12-2005
562;adventure-works\jillian0;CDFD5261-BA2C-46D1-9CE3-D083483A5CD2;01-09-2005
563;adventure-works\shu0;64A38F14-8B74-4798-91A0-56CB5D01AD1D;01-08-2007
564;adventure-works\linda3;7F79FF5A-E220-46F7-BEC3-E6FFDABEBB2C;01-05-2007
565;adventure-works\shu0;795FED3E-6216-4F65-870B-ACA2E485AD97;01-05-2007
568;adventure-works\jos�1;4CE1F27A-361E-4C9D-9C89-D5E0104EBB96;01-08-2005
569;adventure-works\jos�1;3BC5888D-DAB7-44EA-91DB-A50E0EC70BA5;01-08-2005
570;adventure-works\garrett1;8F7E5659-CA92-4048-BAFF-F4B6E80A8801;01-08-2006
574;adventure-works\jae0;570C76DB-C00E-420C-AF27-40E55457FFD4;01-08-2006
577;adventure-works\pamela0;4FD75307-57E3-44B4-99F7-FB0206F5222E;01-01-2006
578;adventure-works\david8;82B2F273-C9F6-4B40-B0DA-F1AE0D6CB581;01-07-2005
579;adventure-works\jillian0;ADA28DF5-683F-47E6-9D05-7C22DD329440;16-05-2009
580;adventure-works\jillian0;FE870DE4-818A-495D-BA9E-875CB8212233;01-03-2006
581;adventure-works\shu0;DE11580B-02D7-4DB2-AEEC-ECA3E3CCFDC9;01-09-2005
582;adventure-works\linda3;D05CCF47-0563-44EE-8CC9-ECBC5A5A3BEB;16-05-2009
583;adventure-works\shu0;16ACF91D-EF89-41CC-86CE-72A39B05E97D;01-08-2006
586;adventure-works\jos�1;A99CAE9B-1011-4551-976C-EC06A5EDF5D7;01-09-2006
587;adventure-works\jos�1;D4D20D5D-C11E-41D9-8FB7-11CC69AA3FE4;01-09-2006
588;adventure-works\garrett1;41DDDC8E-86E3-4073-9868-25DCF32918B3;01-09-2005
592;adventure-works\jae0;13F01A4D-69BE-4DC7-9BFC-2339B0011D37;01-08-2006
595;adventure-works\pamela0;9C979E0C-9613-4D25-A2FB-F11DB162FE11;01-09-2007
596;adventure-works\david8;45E57628-05C0-4CF7-B920-446DB8449713;01-08-2006
597;adventure-works\jillian0;544A635A-DBDF-4352-8654-EAC27DC3B3E0;01-07-2007
598;adventure-works\jillian0;677DA2FB-A3EF-4EB3-A520-23AFBBF29226;01-02-2007
599;adventure-works\shu0;3B2D46BA-B6E4-44CB-8148-1217A3CCFA89;01-07-2007
600;adventure-works\linda3;676F1FB0-E203-4E91-A603-B23A7916A565;01-07-2007
601;adventure-works\shu0;9B833B71-5745-4582-A38D-8C23A0DD4837;01-09-2007
604;adventure-works\pamela0;16A45C72-62FB-4A9F-BAE7-BFEA490BD4C4;01-09-2007
605;adventure-works\david8;0938B90F-1DC9-4F5E-B37D-3DFF2DBCD276;01-08-2007
606;adventure-works\jillian0;EFB59C1A-467F-4946-BCE9-72EA3E3E2236;01-08-2007
607;adventure-works\jillian0;0592BD1D-8A90-4BBC-A5FA-5B10B60B6A3F;01-08-2007
608;adventure-works\shu0;2405C543-8822-44AD-98C6-6FB653FD9A07;01-09-2005
609;adventure-works\linda3;907AF75B-4DBD-4E50-A0C8-3205595987B4;01-09-2006
610;adventure-works\shu0;383EBD5E-A839-4FC1-95BF-C40FF1245204;01-08-2007
613;adventure-works\garrett1;05B7B25A-0E97-4F07-9A87-0627F354A45F;01-09-2006
617;adventure-works\jae0;44F580C3-4D01-41C8-964D-24DE6CBE51FC;01-08-2007
620;adventure-works\pamela0;401C7B5F-4FF0-4E29-9102-319CB883C11D;01-07-2005
621;adventure-works\david8;A8ACF94D-2B05-4EF4-96EA-87B3466619C5;01-09-2007
622;adventure-works\jillian0;E9A23E4B-7EFE-43AD-9B10-789511309827;01-07-2006
623;adventure-works\jillian0;9DEF17D4-B251-405F-A854-70A33DEBBBE9;01-08-2005
624;adventure-works\shu0;EB4B75A2-CA46-4B7D-BCBB-EAA8D41E8659;01-09-2005
625;adventure-works\linda3;8E200319-3DBD-43A6-8AAA-82D7866314A9;01-02-2007
626;adventure-works\shu0;03363CF0-DF23-4060-B0E1-E023CDF7BE08;01-10-2006
629;adventure-works\jos�1;2B7A6FF6-7BD4-4E4E-896C-42A76AC54270;01-08-2007
630;adventure-works\jos�1;05B08B9B-B1EA-469E-B314-C43E5A3EFE1A;01-09-2007
631;adventure-works\garrett1;FB9DC661-95E0-4E69-9AF7-4122CB8AA87A;01-09-2005
635;adventure-works\jae0;7F84FF66-311C-4396-A5BA-D2470EAADA21;01-12-2006
637;adventure-works\garrett1;65C25750-C07B-431C-9519-BBCAA7AA6B34;01-09-2006
641;adventure-works\jae0;321EBC1B-7B5A-449C-8288-26AD3A2D1CAA;01-07-2006
643;adventure-works\michael9;A7B5B085-69A9-47D6-BD8C-262910496BBF;01-10-2005
644;adventure-works\pamela0;9CCD22E6-5ACF-4378-BA69-1FE722239354;01-09-2006
645;adventure-works\david8;6AA86A45-3E16-4C00-AB99-1E429A1C4026;01-08-2006
646;adventure-works\jillian0;78D632CB-9993-46AC-AA5C-45B2F807F681;01-07-2005
647;adventure-works\jillian0;F36E88F4-27E1-4636-9BD4-24DAF44C4141;01-09-2005
648;adventure-works\shu0;A47D117D-1878-4160-8A37-0B1581D441D6;01-09-2005
649;adventure-works\linda3;6E4F5184-9CA2-4009-A867-331DB4B4628A;01-09-2006
650;adventure-works\shu0;D903D48A-5B03-472E-B802-8500A3C81305;01-08-2005
653;adventure-works\jos�1;8BDB709B-17BF-4604-A512-26DCE6EF0443;01-08-2006
654;adventure-works\jos�1;1A357CAC-E4F2-4880-BE31-487D92071128;01-09-2006
655;adventure-works\garrett1;35645D53-FF5D-4A0E-9F3A-8024A0D90726;01-06-2008
659;adventure-works\jae0;A2098F7B-3D3A-4894-90D7-C79C118845D5;01-02-2008
660;adventure-works\michael9;9B35A7E0-C72F-4C28-9EF9-9A8124DF7215;01-07-2006
661;adventure-works\garrett1;AC14C556-2FCC-4578-AD66-D2F31FCA6C51;01-08-2005
665;adventure-works\jae0;1FBCCC49-197B-4A5F-9AAD-42B8AE9EE999;01-09-2006
668;adventure-works\pamela0;91A24A87-81CE-4BDB-B233-0CC9936CCB5A;01-07-2006
669;adventure-works\david8;C8D30FD5-43D3-4D5C-B54E-3561113CAF43;01-11-2006
670;adventure-works\jillian0;F1D69FBE-3932-4B31-A092-6C778D9CD194;01-07-2005
671;adventure-works\jillian0;BF1718C1-A06B-49D9-AFFA-B445E82B2B9A;01-07-2005
672;adventure-works\shu0;6C3F1514-0E59-467C-AD84-1FCAB936E521;01-09-2007
673;adventure-works\linda3;45CF2A2C-3D06-45F4-9009-FCD4ABC19427;01-10-2006
674;adventure-works\shu0;821FF209-815B-4EAA-806F-9106F3FE9424;01-12-2005
677;adventure-works\jos�1;143625ED-18D6-43ED-A1C9-BA18BB5F80C9;01-08-2006
678;adventure-works\jos�1;9AE2B1F8-8F7D-4439-99FE-2B67E38DE4EE;01-09-2005
679;adventure-works\garrett1;DAFE6766-1849-4209-9379-4EAE7A05B932;01-07-2005
683;adventure-works\jae0;243EF1F5-74D0-4E3C-9B0D-C7AA926F3D64;01-08-2006
685;adventure-works\garrett1;8559A2D6-B981-41B4-85F9-5507BFF4DD6E;01-09-2006
689;adventure-works\jae0;AF583E23-093C-4232-B886-A1EE64BCD3C9;01-09-2007
692;adventure-works\pamela0;9EE96279-78D5-49B7-AC4A-1C43CFB80249;01-09-2006
693;adventure-works\david8;3B38D4CB-9573-4686-A202-9179DBEFC7B8;01-08-2007
694;adventure-works\jillian0;D3E874DC-A10C-4055-B943-9DBD5CFE8C89;01-08-2006
695;adventure-works\jillian0;77A62D9C-4ED6-4266-AE35-40CC330ACC5E;01-09-2006
696;adventure-works\shu0;A0140DD4-4D10-4091-9D89-95873DAE9BB7;01-11-2005
697;adventure-works\linda3;B30CE5B4-BBFA-4A57-B5C2-EED1EF13E0BE;01-08-2005
698;adventure-works\shu0;6BC4FF5A-0696-4C2A-88F9-08D1DBA91B74;01-07-2006
701;adventure-works\jos�1;61AE9625-8BD8-48B7-B171-8A90CBBA494C;01-12-2006
29485;adventure-works\linda3;392AE773-D7EC-48AC-B8D0-6E65B770285C;16-05-2009
29486;adventure-works\jillian0;2A5ABA2E-8DB0-4856-A773-21D185F1679E;16-05-2009
29489;adventure-works\shu0;C353FE38-6147-40A3-944D-3736F6297B8C;16-05-2009
29490;adventure-works\david8;7F2D6183-6AEE-4AD1-973D-F45A19B70BF7;16-05-2009
29492;adventure-works\jillian0;7A2EB695-B6B9-48D4-BAD2-BD33E8CE8CA1;16-05-2009
29494;adventure-works\jos�1;66D2DC13-4220-43B8-B2C7-131183CAEC34;01-09-2005
29496;adventure-works\shu0;44E51EC2-9D0B-40CC-B725-1A3E81DF9519;01-09-2007
29497;adventure-works\david8;EEEF3C65-08F9-49C6-AE12-A2FCDEDACAF5;01-07-2005
29499;adventure-works\jos�1;29CD70BE-D5E5-4A7A-A1D5-521BCCE2193D;01-09-2006
29502;adventure-works\david8;F193D485-3A5A-415A-9D3E-4A5DB8B4A2A0;01-07-2007
29503;adventure-works\garrett1;76F035BE-E0E4-47A9-A873-BE3012B15C00;01-08-2006
29505;adventure-works\linda3;E8AB6307-CD3C-4C36-9FE6-B5DA7BBAB0A1;01-05-2007
29506;adventure-works\shu0;6A1A593C-5424-43A3-AC77-948F6CB19707;01-08-2007
29508;adventure-works\jillian0;273ECF85-4243-4DFF-9286-EE65CEFB404C;01-12-2005
29510;adventure-works\jos�1;CF861030-DC7A-4287-8FFC-5A349BBFE08A;01-08-2005
29511;adventure-works\linda3;B812BC01-6796-4B5A-9D7C-C8E7C6057799;01-08-2005
29515;adventure-works\garrett1;BBC286A2-31CF-406B-86A0-584C1C48E171;01-08-2005
29517;adventure-works\michael9;40035342-3797-4F30-AF6C-9C56FC31315A;01-08-2007
29521;adventure-works\shu0;C1E8581A-065B-42E4-A934-71FAD25CFB80;01-08-2005
29522;adventure-works\linda3;4862835C-7661-41FB-9745-80F275B9723A;01-08-2005
29523;adventure-works\jillian0;7D7D6D52-79E3-4CE4-9F68-2D8B6BF4854D;01-08-2005
29524;adventure-works\jillian0;7901EC05-A4C0-49E4-AC89-9118B3B5EC8B;01-08-2007
29525;adventure-works\linda3;AD907F95-DD96-4D69-A8D0-C72F64203CCA;01-09-2005
29527;adventure-works\jos�1;36702D8C-0756-4B16-B0DA-8C97103D8B90;01-09-2007
29528;adventure-works\michael9;82C1FBD9-E2A5-4CD2-B07C-FE803B57B0C9;01-09-2006
29530;adventure-works\garrett1;EA3D7FC9-B1D0-4D83-8B1D-F47CCA131B0B;01-09-2006
29531;adventure-works\linda3;75D00AA7-752F-41C9-9C5D-899E8E3061BD;01-12-2005
29532;adventure-works\david8;C5AAE356-0B32-4293-B09F-656EE3B5C04F;01-10-2006
29533;adventure-works\michael9;83DE2678-7DBC-4B56-9EC6-682CE7652FF3;01-07-2005
29535;adventure-works\jillian0;772BAC57-52AF-492A-97DA-30EC59DAC03B;01-09-2006
29536;adventure-works\michael9;8AA94321-8937-4950-AA00-504988E0A124;01-12-2006
29539;adventure-works\garrett1;69DF26EC-38FB-4588-AE26-5987EDCCABF2;01-08-2005
29541;adventure-works\jos�1;6048EA4A-07F5-4FC6-9638-878F76822941;01-11-2005
29544;adventure-works\garrett1;A9A96153-F3F1-4049-872E-592B6E674BC3;01-08-2006
29545;adventure-works\pamela0;38DC2574-509C-4F65-B73A-68187F11B787;01-04-2007
29546;adventure-works\jae0;228A34A5-66EF-4A18-BEF2-BE74BEB84191;01-09-2006
29548;adventure-works\garrett1;00CFDBC0-CDD2-4436-B0AE-DD248F4E4371;01-08-2005
29550;adventure-works\david8;2B89C6ED-7F4E-4986-9408-38528091D899;01-09-2007
29553;adventure-works\jillian0;F7267A9A-0DB3-4A74-A652-A23EC874AB11;01-09-2007
29554;adventure-works\michael9;3A972EED-6DB6-47EC-963C-C52C7E256B82;01-11-2005
29557;adventure-works\garrett1;2BE64FF5-7723-44D0-86E2-2AFFD80B0281;01-09-2007
29558;adventure-works\jos�1;2C9DD7E4-7832-4954-87D2-94461D750BB1;01-08-2005
29559;adventure-works\david8;F21A8178-0E5B-4E88-94AE-1D46914CB020;01-09-2006
29560;adventure-works\shu0;ADD0CC30-6294-45CF-87FB-8E27833FB38C;01-08-2006
29562;adventure-works\shu0;A1427A83-0D0C-4541-8823-42DFE2838756;01-09-2005
29565;adventure-works\linda3;271B27D9-E905-4FCE-BD85-C9C4184E3E9E;01-07-2005
29566;adventure-works\michael9;2A455D51-93B4-4BD7-82F3-832A1264BCA1;01-07-2005
29567;adventure-works\jos�1;D8CB0E62-2423-4521-B8E1-0488855775A1;01-08-2007
29568;adventure-works\shu0;D8B39163-B4B4-428D-ACD7-1DF795D801DC;01-09-2006
29569;adventure-works\jillian0;EB9D1CEC-596E-4775-AD51-ABD597A2679A;01-08-2005
29570;adventure-works\jillian0;CE40D69C-5141-4B37-921F-749C22722B9F;01-07-2005
29571;adventure-works\pamela0;0A854F09-FBE8-4BF2-BD46-7A6180CB96D0;01-08-2005
29573;adventure-works\linda3;473731FF-4260-43FD-9BAE-DECEE582420E;01-09-2006
29574;adventure-works\jillian0;B4A76396-2351-4B5B-8FEE-18F97D6FE030;01-09-2006
29576;adventure-works\jos�1;19E3AD5C-CAA8-41F6-9781-D56C651B4133;01-09-2006
29577;adventure-works\garrett1;D6567177-9AEC-400B-9097-F3F33124242A;01-09-2005
29579;adventure-works\shu0;AF37EBFF-FE33-4CC9-8141-E0D4594F50E2;01-09-2006
29580;adventure-works\david8;041C42B9-857B-4B3F-B314-3BF29999AD48;01-07-2005
29582;adventure-works\pamela0;3EA30AEA-3C37-4450-A3AD-97EA44B21FF6;01-08-2005
29583;adventure-works\jillian0;63797367-055A-48FC-97C0-2C4D8573585E;01-11-2005
29584;adventure-works\shu0;BD077ADD-F8F5-471C-A5FD-31A61303F41F;01-09-2006
29585;adventure-works\david8;11E65E98-1980-4D9F-A6C0-A6DD2885B673;01-11-2005
29587;adventure-works\jae0;8916316F-55E7-453E-9C82-F59B5FC32913;01-07-2006
29588;adventure-works\pamela0;DEB25F8C-1D9F-442A-B686-6A505DE0C1BF;01-11-2005
29590;adventure-works\michael9;7E529A97-2B5C-4339-883F-3ECCFB85E411;01-08-2006
29591;adventure-works\jillian0;74AA6608-703F-4F37-A447-BBF9879C0D4F;01-07-2007
29593;adventure-works\jillian0;C610F872-6183-4D98-ADA3-E3A5B1A3588D;01-08-2006
29596;adventure-works\jos�1;A6172F3E-C548-45CB-B1D7-79CA27AC267B;01-07-2005
29598;adventure-works\shu0;5411839C-DAA1-4827-A995-1856C8217DE2;01-08-2006
29599;adventure-works\david8;985B33BB-5EB3-4CBA-87FB-250F05471374;01-07-2006
29600;adventure-works\michael9;2E9E3D6C-F361-49DD-885F-95E36BCDD2A2;01-09-2006
29601;adventure-works\garrett1;18BCB5D4-14FB-4AF6-A8C2-AF791B677F6C;01-08-2006
29603;adventure-works\jos�1;C8099813-1F08-41C6-8567-025CAB01F0FA;01-09-2007
29605;adventure-works\shu0;216795C5-FBC9-4CFF-8CE3-2400E7679FA6;01-07-2006
29606;adventure-works\david8;3CEF570C-26DD-478E-9F28-015037841EE2;01-07-2005
29608;adventure-works\jos�1;EEE846BE-2EDC-4353-BCEC-756C9BC94AC1;01-08-2007
29611;adventure-works\pamela0;76D4BBBD-3474-487B-9090-20F86FF81608;01-11-2005
29612;adventure-works\jae0;768148E4-4D17-4B9B-86CA-76F5122FC107;01-09-2007
29614;adventure-works\jos�1;1722BE43-305B-4275-8863-F6D54343F12A;01-07-2005
29615;adventure-works\jae0;C7E5D895-EABA-4CC6-A7AB-50B8569541D3;01-08-2007
29616;adventure-works\jillian0;21DF3FF8-0A8F-434B-9290-E562B7DA6DCA;01-08-2006
29617;adventure-works\pamela0;96E154EB-8F02-4651-A117-5E248685341D;01-08-2005
29618;adventure-works\jae0;89BE0FA2-162C-400D-9D8B-F2E557242088;01-08-2006
29620;adventure-works\jos�1;A2268D9A-2511-43C3-95CC-D7DE094109F1;01-08-2005
29622;adventure-works\david8;EA5EA0F8-67B9-4D47-9D52-220F951FC446;01-09-2005
29623;adventure-works\shu0;E9B77812-22B3-427A-8A5A-EA8275ED7B21;01-07-2007
29625;adventure-works\jos�1;6E7DD825-A7CD-439E-BC06-7C90AACBC553;01-09-2007
29627;adventure-works\garrett1;50AEA181-60F3-4B91-BC52-238B7CF7A9DB;01-08-2006
29629;adventure-works\jos�1;2B0CF9C8-2517-4763-99E1-324422DF67E1;01-09-2007
29631;adventure-works\shu0;88B75A1F-858D-4750-A864-717F49A2DE10;01-07-2007
29632;adventure-works\david8;B162868C-2CA6-4FF6-9DD0-6FA6C03D1B99;01-09-2005
29635;adventure-works\jillian0;77FDC952-805B-4997-8363-EDE49A55D31F;01-09-2006
29636;adventure-works\shu0;625F2B1D-2F34-4020-88B8-032310645B2E;01-07-2006
29637;adventure-works\jillian0;DF795C3F-BC55-4362-B8AD-3A4DCDCB2FF5;01-09-2005
29638;adventure-works\linda3;3611A221-A20A-463A-AC19-265DB991CCC0;01-09-2007
29639;adventure-works\jos�1;16864FBF-49C0-46CA-AC6C-530EB20CAD1B;01-09-2005
29641;adventure-works\shu0;BD94E4F9-A355-4CDA-8988-9D7B91637F13;01-07-2007
29643;adventure-works\david8;0396A776-C530-4F99-87DA-FF732F486D85;01-08-2007
29644;adventure-works\jae0;D28AA7E1-F125-44AD-A121-544332C2254F;01-09-2006
29645;adventure-works\pamela0;0AB26819-705B-44AD-8B7D-514BE2632220;01-09-2007
29646;adventure-works\jillian0;F21027CE-0506-4EB6-98D6-6D4E08F7087E;01-07-2005
29649;adventure-works\garrett1;895CED36-42B7-44E8-A1E4-81AE5F721A37;01-09-2005
29650;adventure-works\shu0;0BA6EC0D-0B9F-4B40-AE69-3079A9EF9B22;01-07-2007
29651;adventure-works\jillian0;50F790E6-1C54-49D1-A0BD-687A3E381C28;01-09-2005
29653;adventure-works\linda3;16FFB394-535A-428D-AA61-96863A7AC191;01-09-2007
29654;adventure-works\jillian0;F92CE3CA-13DD-4E50-B882-8CA0CC320DCB;01-07-2006
29655;adventure-works\michael9;A456FE6E-DFFD-4BB0-9585-ABD9229194F8;01-09-2005
29659;adventure-works\jillian0;293F44D5-8949-4FD0-9337-DDACD20FD948;01-09-2005
29660;adventure-works\linda3;E24193F1-F5DF-481E-AC1A-BAB86BD72C54;01-09-2007
29662;adventure-works\linda3;E4665260-D5A1-4B3D-B727-09407FD598F1;01-08-2006
29663;adventure-works\jillian0;E7DA5DB3-117A-49F9-A4C7-4D24D1FB75BF;01-09-2006
29666;adventure-works\garrett1;D59815EC-776C-403F-AB1F-90712BBAD966;01-08-2007
29668;adventure-works\jillian0;02628723-F551-4361-A033-76C438616397;01-11-2005
29671;adventure-works\garrett1;1D66E73C-E136-417F-AF0B-AC224D8A7AA3;01-07-2007
29673;adventure-works\linda3;82FF1AAC-744A-447D-87D6-7FAC7C2BAF89;01-09-2005
29674;adventure-works\jillian0;F786CFB2-375C-4669-BEFC-42832C09F36A;01-12-2005
29677;adventure-works\jos�1;55C0550F-92F6-49BF-A5F9-B88FBF037B04;01-08-2006
29680;adventure-works\jos�1;E81EFE51-E6D6-4178-822B-280BEF4A62E6;01-08-2005
29682;adventure-works\shu0;6E0D2D51-9957-4449-A625-2F1493A0419E;01-10-2005
29683;adventure-works\david8;F5594FBF-D2E8-4D1D-A522-A5F003470401;01-07-2006
29684;adventure-works\michael9;E2E14D3C-C100-4541-AD38-9CD1BB8C7B9A;01-08-2006
29686;adventure-works\shu0;6F023446-D4C3-43EB-9AD2-1DCE20948111;01-09-2005
29688;adventure-works\michael9;D60AE47B-4A9F-44B5-A7AE-3D1091040242;01-08-2005
29689;adventure-works\david8;AFD514C0-D0B3-4DFE-A637-BA1622FAE8A1;01-07-2006
29690;adventure-works\shu0;BFADDEE5-D70C-4325-9C87-34D99C449391;01-09-2005
29692;adventure-works\jos�1;F5589EF1-277F-449E-A042-71571B86449A;01-07-2006
29695;adventure-works\david8;27B23835-1295-4527-8FB5-FCA7D91A4C8F;01-09-2007
29696;adventure-works\shu0;C7CBB299-403E-4C27-BAC7-AB690CB7891A;01-09-2006
29698;adventure-works\jos�1;68D9D7F4-4E7C-4752-AB9F-EF90CFEDB111;01-08-2005
29699;adventure-works\garrett1;719C6825-24A8-4982-8CF6-E7886C4983E7;01-08-2006
29702;adventure-works\jillian0;0836CDF2-523B-40C5-A491-F9E5D3736333;01-09-2005
29703;adventure-works\linda3;5A341978-F3D1-4812-BF75-EB00CA9682E3;01-08-2005
29705;adventure-works\garrett1;52E54E40-7914-4340-B5D8-F460753F849D;01-08-2005
29708;adventure-works\jillian0;633E70BB-508F-45A9-9E1B-94AFD9513A01;01-09-2005
29709;adventure-works\pamela0;139742BF-9980-4D0A-9A76-1E8C9701504B;01-09-2006
29710;adventure-works\shu0;A37A4F71-12A9-4055-BCA8-C18B79098AF1;01-09-2005
29711;adventure-works\jos�1;B34DF238-E77E-4832-8184-487F0321F98F;01-09-2005
29713;adventure-works\jae0;31D75DE8-5F8D-4513-AB55-4269D29BAFFD;01-08-2007
29714;adventure-works\jos�1;DF3FEDCE-E229-4EE7-8F01-402C29B7187F;01-09-2005
29716;adventure-works\shu0;803D1CD3-8C99-48F1-945B-85EDBE393AF8;01-08-2005
29717;adventure-works\david8;3E2C8BED-D9A3-43E1-88C9-D99BB37DECF2;01-08-2005
29719;adventure-works\david8;D839E525-0420-4FF9-858F-8226EABE8C70;01-11-2006
29720;adventure-works\shu0;780CC0A0-5F32-4A54-9CF9-BD4E6090BF69;01-09-2007
29722;adventure-works\jos�1;68396E18-907F-4CD5-A5F8-84D7969DAC11;01-09-2005
29727;adventure-works\david8;CA138A8B-0D82-45B4-92E2-4DE3A3FDC2F6;01-08-2007
29728;adventure-works\shu0;E7FB711F-AC12-408A-A6F1-8AF3428DDACB;01-11-2005
29730;adventure-works\jos�1;651C8184-9BF1-4A57-982D-E0F35E06FCEA;01-12-2006
29732;adventure-works\jillian0;6515368A-C51E-4B53-858F-377067379799;01-08-2006
29733;adventure-works\shu0;E8F81644-1D44-4D25-9756-5897E20FBAAE;01-09-2005
29734;adventure-works\jos�1;789F3CEE-056D-48CB-8805-1F69B61D020F;01-07-2005
29736;adventure-works\jae0;2252470B-71F6-4077-A744-613525A2DF0D;01-09-2007
29737;adventure-works\pamela0;31F1935F-6C9A-43D7-8308-4EE7CD05AC56;01-07-2007
29738;adventure-works\jillian0;45670EE4-0A61-4029-BB82-CBF857D17C3F;01-09-2007
29739;adventure-works\shu0;230503E0-1713-45AF-AB88-E424CB7EE88F;01-09-2006
29740;adventure-works\jos�1;AE422EA0-D7C2-4804-8E11-3354822A72AE;01-09-2005
29741;adventure-works\jae0;7D8C6B41-4D65-4F2C-AB91-5FCE276B5BF5;01-09-2007
29742;adventure-works\pamela0;6E7EB054-AB8E-4F7B-9B94-36010B817829;01-08-2005
29743;adventure-works\jillian0;E67FFF84-4C4B-4DA1-BECB-F9D46C8532F0;01-09-2006
29744;adventure-works\shu0;05B8AF66-8AB7-4DEB-9A8B-55F5BE12E0CF;01-07-2006
29747;adventure-works\david8;6DA910EF-E6F8-438D-AB3C-82725C41BC6D;01-07-2005
29748;adventure-works\shu0;A33442C5-66E8-4FE6-8956-DF59E10C31FC;01-09-2005
29750;adventure-works\jos�1;6ABBCF8F-46D6-4643-938F-F36CEACD4385;01-09-2006
29753;adventure-works\david8;F9FEE375-1E4C-433F-BA88-6289A7572081;01-08-2006
29755;adventure-works\garrett1;470125B0-0659-4794-A945-6F726920C983;01-09-2005
29757;adventure-works\linda3;F90748FF-6A57-4A62-80D9-BDB134E1408D;01-08-2005
29758;adventure-works\jillian0;2FE3A6BA-4D59-4BCE-83FC-98A8471DAB30;01-09-2006
29761;adventure-works\garrett1;C994CD65-AC9D-4560-909C-6F2090A516FF;01-07-2005
29763;adventure-works\linda3;4611605F-4D45-4DD1-80FD-B418FE4AF0BA;01-09-2006
29764;adventure-works\jillian0;9EABC427-1257-4628-8BEB-88A9990A601C;01-08-2005
29765;adventure-works\michael9;97C380B3-7CCF-4E10-8D3F-2F0734C9AB0A;01-08-2006
29766;adventure-works\garrett1;9EFB3752-7F40-4E64-B9E2-383A6DF6AEFA;01-02-2007
29768;adventure-works\linda3;C5614F21-602E-49E6-9021-B405BE529B46;01-01-2006
29769;adventure-works\jillian0;8C81DD5F-EA36-47B0-A5F1-7583BC5DABC2;01-09-2005
29770;adventure-works\jos�1;7B3994CC-51C3-4C0A-9665-3A3D71F85677;01-09-2006
29771;adventure-works\shu0;281316F0-4FA6-42FD-8B3A-B532B38A7F84;01-07-2006
29772;adventure-works\jillian0;949E9AC8-F8F6-4F7F-BA2D-87187AC56919;01-07-2006
29773;adventure-works\pamela0;B956A64D-040C-4230-AC9B-B927F7DD1BA7;01-08-2005
29774;adventure-works\jillian0;244B87FF-CD2F-4993-913E-685BFC4ADD83;01-08-2005
29775;adventure-works\pamela0;A305BDD1-9295-4F69-9D6F-44DF37B99E21;01-09-2006
29776;adventure-works\jae0;94389425-D35B-4F7B-A116-CA067050B8D5;01-07-2007
29778;adventure-works\jae0;6ACC4810-DDDF-4202-9DAA-8261B2FFE2C6;01-07-2006
29780;adventure-works\jos�1;CB6D6A16-6722-457B-94BF-03F5CAC268A3;01-08-2006
29781;adventure-works\shu0;68835187-35C9-4C57-A0CF-CB9EB2E713D7;01-09-2006
29782;adventure-works\jillian0;A96F3B09-7114-4335-93B5-35463F4D4063;01-07-2006
29783;adventure-works\shu0;805255FB-6C18-45AE-88F3-C70D3D9F04CD;01-07-2006
29784;adventure-works\shu0;45F0A45D-6EC0-4F4C-A5AB-00B128AF62FD;01-08-2006
29785;adventure-works\jos�1;0C3EF14A-932C-45F0-8B28-5867136C07BA;01-11-2005
29787;adventure-works\david8;1A5A9944-00ED-40B0-8193-1CC44ECC390A;01-08-2005
29788;adventure-works\linda3;32D1FAB8-B86B-4C09-8140-E169AF24850C;01-12-2005
29789;adventure-works\garrett1;30B8D273-0502-4641-AABD-FF4097F0B9D1;01-08-2005
29792;adventure-works\jillian0;656B9F38-EC67-459A-B467-E2119D0504D0;01-08-2006
29793;adventure-works\shu0;07BEBA09-2CEB-434B-A9A5-EB864C0E88D2;01-09-2006
29794;adventure-works\jos�1;672D41A8-2F15-474A-AD2F-934E2BDA6A4B;01-08-2005
29796;adventure-works\jae0;A580DD97-441A-4CF8-9D9E-7E1EBE6CEC43;01-09-2007
29797;adventure-works\jos�1;C96F6AC7-EECE-4218-8B74-8607255F5CF9;01-08-2006
29799;adventure-works\shu0;93813C3C-DDBD-4CEA-814D-2AEAE1483709;01-09-2007
29800;adventure-works\david8;F9C425CC-9DC8-468C-AC9D-6D7170C46CAC;01-08-2006
29803;adventure-works\jos�1;DE649D6B-0F40-4170-A584-4AF87DF50083;01-09-2005
29805;adventure-works\shu0;3E2CC8AF-269E-4554-B536-C3CF0E8E8995;01-07-2006
29806;adventure-works\david8;1DFC1ABB-AC04-4940-8882-2231B67208FA;01-09-2007
29807;adventure-works\jos�1;0F507872-3457-4BCC-B201-FA56CB4EAC34;01-08-2005
29809;adventure-works\shu0;D1453537-6387-4312-B6A9-6FF3688B074A;01-09-2006
29810;adventure-works\david8;9A2FC10A-6B58-4B39-8BF9-DA3ABE5D58FA;01-09-2005
29813;adventure-works\jos�1;7FDA6311-55EB-4F2B-ADEB-050332BFAC56;01-08-2005
29815;adventure-works\shu0;83810B74-5BAD-481C-9035-12CD5124F5D5;01-09-2006
29816;adventure-works\david8;E10291DA-B850-451C-9A22-DD4E1DBA22CC;01-08-2006
29818;adventure-works\linda3;A57036D7-1E64-41DF-9FF5-DA7340A9EAC5;01-08-2005
29819;adventure-works\jillian0;6980C636-0E9D-41CE-8FBD-3B07AFC1A681;01-08-2006
29822;adventure-works\garrett1;EFDB88D8-C3B7-4F83-AC33-1E85AE65D6B9;01-09-2006
29824;adventure-works\garrett1;491A2969-9914-4234-8C1D-9F0349F02C55;01-07-2005
29826;adventure-works\linda3;2C442176-E8EA-4613-A237-308E90E8A387;01-10-2006
29827;adventure-works\jillian0;E62A4E9F-FF47-419B-9A27-54B849611F87;01-07-2005
29830;adventure-works\garrett1;6BB1B29F-7821-4344-AD8F-6D0EA72FF6E4;01-08-2005
29831;adventure-works\garrett1;89A6DC5E-0D18-43EF-B959-232F9599DF30;01-06-2008
29832;adventure-works\jos�1;B6CC3146-FFE6-49A6-9D8E-1879EF993BF4;01-09-2006
29834;adventure-works\shu0;15A5CC63-89D5-4348-857F-C8EAF4F856C2;01-09-2005
29835;adventure-works\david8;1AB8FDBD-5DE5-4978-8CBA-1F11E9B088D8;01-08-2006
29840;adventure-works\jos�1;5DD7F0FD-E9EB-4F47-ADFE-E8AA50608C64;01-09-2007
29842;adventure-works\shu0;5D6433E4-A1A5-43EB-9056-78F234C9150E;01-09-2005
29843;adventure-works\david8;F2C13E63-AE28-4A72-B011-D6377449AB90;01-09-2007
29847;adventure-works\linda3;FDD7D9CB-9A81-40FC-BAF6-FACDE8DA4923;01-09-2006
29848;adventure-works\jillian0;142B9355-5D6B-4E97-9091-9459B32B1F33;01-08-2007
29850;adventure-works\jillian0;2790EC9D-DA39-4AE2-9FF8-E810A3B61CD5;01-07-2007
29851;adventure-works\jae0;7B7381B3-75E4-4017-A79C-07E195AC97CD;01-08-2006
29852;adventure-works\jos�1;E889CC1C-4CA1-4684-97BC-26E65D7CE755;01-12-2006
29853;adventure-works\shu0;29804847-B115-4EE5-BF5D-370C178900DE;01-08-2005
29854;adventure-works\jillian0;08719008-3F75-4722-A65D-B179B6B1DC15;01-09-2007
29855;adventure-works\jos�1;68A5104E-08B0-41E8-92D0-494A00818E1D;01-08-2005
29857;adventure-works\jae0;5DCBABCC-3118-4B84-A488-A9FADA3A15F1;01-08-2006
29858;adventure-works\pamela0;44A21C41-BFC8-4551-89AD-344C26966A74;01-01-2006
29859;adventure-works\jillian0;B5E28EBD-35EC-4B57-B606-3E05DBCA429C;01-03-2006
29860;adventure-works\jae0;F9CFD187-277B-410A-939A-3BC608987DC6;01-08-2007
29861;adventure-works\jillian0;80633C99-08B5-4672-B4C2-F3C64CECC98F;01-08-2005
29862;adventure-works\shu0;C45CC725-AA9A-46A8-8254-84577705A94F;01-10-2006
29863;adventure-works\jos�1;9A89286E-FC9B-4A12-B2FE-BD1422CA061E;01-08-2007
29864;adventure-works\jos�1;7DD63C65-3017-4787-A09E-57EFCDB7A1FA;01-09-2006
29865;adventure-works\shu0;319FECC0-A652-417F-AF3A-4AA99B2FF8DC;01-08-2005
29866;adventure-works\jillian0;5F5BE7AD-3CD2-481C-93D2-66208B113DF8;01-08-2005
29867;adventure-works\pamela0;8F805F22-745B-42AD-8130-AD8A7967B011;01-07-2006
29868;adventure-works\jae0;50B31B69-D44A-48A5-9B9B-6939D52B6CCA;01-08-2007
29870;adventure-works\jos�1;2B812910-AA99-4AE3-9A79-D39F0C95987A;01-06-2008
29871;adventure-works\shu0;AA2D309C-61D0-4DDF-A8E3-725E5763B6FF;01-07-2007
29872;adventure-works\jillian0;D6A9A137-A2D8-4DDF-8490-A54B1112CB39;01-09-2005
29873;adventure-works\pamela0;26EDD45C-0D00-48FE-9E65-8DDD0F813ACD;01-09-2006
29874;adventure-works\jae0;50C6EB16-1E62-4E5E-BD58-363288ECEAEA;01-07-2007
29876;adventure-works\jos�1;356088D1-23E5-4D45-86F2-E73D843CA4F5;01-08-2006
29877;adventure-works\shu0;C2E1E791-19C2-4E4B-81D1-96B98537FD41;01-09-2007
29879;adventure-works\jos�1;26C5A2AA-E63E-4207-BA56-AA3A6EECA363;01-07-2006
29881;adventure-works\garrett1;15C9A0F9-C354-4EF3-87F6-A97398114F51;01-09-2007
29883;adventure-works\linda3;7814ACA5-869E-4DF2-B7C9-61B001F90F04;01-09-2005
29884;adventure-works\jillian0;0BA43373-59D8-4B12-9723-60C6A2BDAF17;01-03-2007
29885;adventure-works\david8;26C1FA1F-BF3D-40C7-BAE0-6DFD2FB3709B;01-08-2005
29889;adventure-works\shu0;CB6B9285-24EE-4795-8A96-499A11746331;01-07-2005
29890;adventure-works\david8;D52D3EEA-DD3F-499C-9772-87DC5F43C6AE;01-07-2005
29891;adventure-works\michael9;D4B5CF9D-EE5F-4615-92E0-8574B5DFA705;01-09-2006
29892;adventure-works\jos�1;916F4D7F-0CEA-40FE-8B4C-7C274813B876;01-08-2005
29893;adventure-works\shu0;4593AED0-75D0-4BCD-9AA0-8F2DF04BB8CC;01-07-2007
29895;adventure-works\jos�1;DB806B71-4B0C-472B-B77B-F72B8A10F2E5;01-08-2006
29897;adventure-works\shu0;91592DA3-A8EB-4604-A95C-0AE09D2D31B6;01-09-2005
29898;adventure-works\pamela0;2B2B0574-1062-4867-A352-18198B0F271A;01-07-2005
29900;adventure-works\jos�1;B38782B7-6B43-4CA2-9069-5AF4359E97B3;01-12-2006
29901;adventure-works\shu0;8CE51EE0-13B9-4A4E-9B47-3A02439089A7;01-08-2005
29902;adventure-works\jillian0;723A4C7F-288A-4E05-A895-41F170C44162;01-09-2006
29903;adventure-works\pamela0;7492859B-F990-4993-96FD-861217EB4825;01-09-2006
29904;adventure-works\jae0;81464994-524B-4735-A5A7-1E88770AE0B0;01-08-2006
29905;adventure-works\jos�1;B7428672-4B4E-4917-BBE5-80932183E7DB;01-08-2005
29906;adventure-works\jillian0;FD02037F-6C68-43AE-8007-797A28CFD117;01-08-2005
29907;adventure-works\pamela0;274AD75A-5647-4DC9-81C9-4FB6919375DB;01-08-2007
29908;adventure-works\jae0;F02107B3-5F5C-48D2-AEDB-58FC3E25C652;01-08-2007
29910;adventure-works\jos�1;2F9D7A0F-E131-438E-9B03-D813329B3A3C;01-08-2006
29911;adventure-works\garrett1;55A68202-60E6-4439-BFCC-8C0A69AA7EBD;01-08-2007
29913;adventure-works\linda3;C705B4C9-B341-4327-8635-DE0D0C879075;01-08-2006
29914;adventure-works\shu0;A4ED5B4F-19A2-4C26-A323-E952A84E6DD7;01-09-2005
29915;adventure-works\david8;57C6F330-66ED-4B3E-8FBF-C01932E3C175;01-12-2005
29918;adventure-works\jos�1;8F6A1402-DD2E-4098-821A-9A58FD67B3F7;01-08-2007
29919;adventure-works\shu0;5D0FA571-03D2-4614-8309-ABB42881AE6A;01-08-2006
29920;adventure-works\jillian0;849BF03B-C4E8-4267-9B6F-D9EF87ADCF11;01-07-2006
29921;adventure-works\pamela0;D4EFE5EE-0773-4D09-92F9-A7192D7F7F39;01-09-2005
29922;adventure-works\jae0;D532C98A-DB1A-46D5-8F34-A2E2D63DF722;01-09-2007
29924;adventure-works\shu0;E2EE9816-381F-400F-905A-59DCB42BE29B;01-08-2006
29925;adventure-works\pamela0;13322D86-46C0-4E9C-A8BE-C67843616D80;01-08-2005
29926;adventure-works\jae0;25036429-A092-4D75-BF32-4136C15C3C1A;01-08-2007
29928;adventure-works\jos�1;3CE63665-21B9-4502-9AEC-6C7D73328850;01-08-2007
29929;adventure-works\shu0;AE0F0317-2254-4D4F-9F4D-B01BBB10B3A0;01-09-2006
29930;adventure-works\jillian0;5DEF9D3E-0485-4CBE-9EC1-E5B1F01B3003;01-11-2005
29931;adventure-works\pamela0;7A417F32-0878-45FF-A994-34ED19C5BB11;01-09-2007
29932;adventure-works\jae0;998BB200-E2AD-4E26-8266-CE8BF95CA4DE;01-09-2007
29934;adventure-works\jos�1;9FBD68B6-4626-4E37-AF6C-B6C0F127A40A;01-12-2006
29935;adventure-works\shu0;70394DAC-8CBD-4C81-8A27-B1F8B5C041E8;01-08-2006
29936;adventure-works\pamela0;91C863DB-F3F6-4EB6-B0F7-0A3EEF38E71B;01-08-2007
29937;adventure-works\jillian0;B0E44FA0-449A-4BA2-8765-BB2EC784EB0F;01-07-2006
29938;adventure-works\shu0;8739BCCD-A0F4-496D-875E-46963B2F9723;01-09-2005
29939;adventure-works\jos�1;5BA91047-0E9F-40F1-8D9C-2A493FC9343C;01-09-2007
29941;adventure-works\jae0;580D71E8-A211-4876-9C03-8EDC7D65F050;01-07-2007
29942;adventure-works\pamela0;E5CE6BE8-E780-4358-B521-8E4878B2AF04;01-08-2007
29943;adventure-works\jillian0;49E6F552-FB89-4F3B-AE4D-37D9493415D3;01-09-2007
29944;adventure-works\linda3;881137FC-AE6A-4FBD-B71A-4AF9C2F65914;01-09-2005
29946;adventure-works\garrett1;A578DDDD-4CAC-4D51-B60B-0C2F3B11AB13;01-08-2005
29948;adventure-works\jillian0;4BF3D7ED-265D-4058-B516-134083182BDB;01-09-2007
29949;adventure-works\shu0;67582572-8246-4544-A083-502A1EEF1FA0;01-08-2006
29950;adventure-works\jos�1;0631F720-A96D-4505-A07C-11A954A67F6B;01-09-2005
29952;adventure-works\jae0;2675B45B-5DB9-4118-AD66-D09806903C25;01-08-2006
29953;adventure-works\pamela0;7C6C2B33-FAA3-493C-8A74-21DF759833A9;01-08-2006
29954;adventure-works\jillian0;D0E449EF-513F-4264-B2A6-25D67CADFEB6;01-09-2006
29955;adventure-works\michael9;B8A33E4F-4519-45E1-BCEA-25DC890B2387;01-08-2005
29956;adventure-works\jillian0;8D4EFA1A-BF3A-49A8-BE7B-A53FF3E9CB52;01-09-2006
29957;adventure-works\linda3;E115475E-25DA-4139-8256-934F48C8453D;01-09-2006
29959;adventure-works\garrett1;8CAC7BF4-D851-49F6-AFC1-E7BDC398BE26;01-09-2006
29962;adventure-works\jillian0;A9627A12-C4EC-4C3E-B611-4B6EADCE91C4;01-09-2006
29964;adventure-works\garrett1;0616FFA0-9986-40CE-9FED-1ECBF7DEB9F0;01-09-2007
29967;adventure-works\jillian0;C8DBB680-FAEA-4732-8DB2-CD6AD1B5226A;01-09-2005
29969;adventure-works\garrett1;FAC812B2-C8B4-42FE-8641-F753856806B4;01-09-2005
29971;adventure-works\garrett1;B60C30F0-35AE-4892-9825-426D28DB59EA;01-09-2006
29973;adventure-works\michael9;A83DCD3C-D7DE-47D4-AB2E-F14062E50A2E;01-10-2005
29974;adventure-works\jillian0;14036D92-CE29-4270-9C7C-51C8B443DD30;01-07-2005
29975;adventure-works\linda3;77083660-DDC4-4F13-877D-9E49E0854079;01-09-2006
29978;adventure-works\jae0;B6EF4AC3-0E63-4FB2-B284-E48B8CD64C73;01-02-2008
29980;adventure-works\jae0;BFFDC3C2-C552-4F0E-AC58-F7FE76B9E854;01-09-2006
29981;adventure-works\pamela0;E55500BB-3B2F-4082-9624-AB085BF73FE8;01-07-2006
29982;adventure-works\shu0;DA27541E-8F63-451D-8E58-EF11A02520A0;01-12-2005
29983;adventure-works\jos�1;505C5789-F6A6-47C2-A700-E4F2506862EC;01-08-2006
29985;adventure-works\jae0;6C448FEE-B174-4E20-8DE0-7FF7F7F076DE;01-08-2006
29987;adventure-works\shu0;7CB529E5-6532-4BB3-B38F-971C2E820A80;01-07-2007
29988;adventure-works\jos�1;AD1F9AE6-49EA-45F8-8C72-9CF84183FA9B;01-08-2005
29990;adventure-works\jae0;647BF848-E9FC-4CCD-ACB1-FF0EA9653B53;01-08-2006
29991;adventure-works\pamela0;EC942FE9-2F5B-4B5D-A289-A061D6C4B873;01-11-2006
29992;adventure-works\shu0;4C8D76ED-B55A-4DFF-B7C9-F6AA5AD83CBF;01-07-2005
29994;adventure-works\jos�1;2AA52DC6-2AE5-4729-9620-2D58100D2C6A;01-07-2005
29997;adventure-works\david8;DDBC698B-E010-4CF0-8DF6-E7062A29D4EA;01-08-2006
29998;adventure-works\shu0;511DF11A-B292-461D-B6CA-8991747096C2;01-09-2006
30000;adventure-works\jos�1;F979676F-80E7-4445-B894-CE8CEA7EA5E2;01-07-2006
30003;adventure-works\jillian0;A6FE5230-AFE5-4633-AD8B-84176A335960;01-09-2005
30004;adventure-works\pamela0;927B8F21-1238-41AE-99BE-193B64D6ED39;01-08-2005
30005;adventure-works\jae0;0DF0ACF0-6D9C-4180-8577-46DB866C46C3;01-08-2007
30007;adventure-works\jos�1;326589DF-6F6C-4F62-8332-554288779009;01-09-2006
30008;adventure-works\jillian0;1E4996B9-004D-48AF-AB2E-F34064DDB2E1;01-06-2007
30010;adventure-works\garrett1;38814541-7E2A-4A6A-911F-5ED76DD0E481;01-11-2005
30012;adventure-works\linda3;6EEE2E6B-C439-4D87-AD95-25EECFB1672C;01-11-2005
30016;adventure-works\garrett1;009F9CFC-23A3-4B66-92BE-BACCE90985DC;01-11-2006
30018;adventure-works\pamela0;84FC26A4-3A90-4CB9-A04D-BE85E95C1ACF;01-07-2006
30019;adventure-works\jae0;226D328B-23D4-4215-B9C4-3DA08F2E68DB;01-09-2006
30021;adventure-works\jos�1;1E32FA7F-E67B-4C0B-A58F-182B7D9560FE;01-08-2007
30022;adventure-works\shu0;1AA7F7B6-5A35-463C-B744-E9F8955901E3;01-11-2005
30023;adventure-works\jillian0;0EB59B8A-807F-4596-AF6B-4D73AB4D0C75;01-08-2006
30024;adventure-works\pamela0;CBF5C8D9-5718-4B1B-A066-19CDC432F4A8;01-08-2007
30025;adventure-works\jae0;838ACD04-5B60-459C-88CC-EF5D1D696E05;01-09-2007
30027;adventure-works\shu0;029C27B5-72E5-4024-A5FA-53BDB42B98BC;01-09-2007
30028;adventure-works\shu0;D2C24D1F-C84B-4D96-82B9-66B729B3F1DD;01-08-2006
30029;adventure-works\jos�1;8330F126-BD54-4F8C-9C16-FAB34B7CA54E;01-09-2006
30030;adventure-works\jae0;7F98308D-CDBC-4143-A080-1C10053E1054;01-08-2006
30031;adventure-works\pamela0;8979685D-B1DF-450A-A296-423F1E2B1056;01-09-2007
30032;adventure-works\jillian0;2C8B69DF-E0B4-41F8-964E-7B0CD40B6BC8;01-02-2007
30033;adventure-works\shu0;66193607-693C-4073-BE28-78E3892141A2;01-09-2007
30034;adventure-works\pamela0;5C37794C-6CE1-4C0E-A4E0-D616E6986B51;01-09-2007
30035;adventure-works\jillian0;E8796105-7273-4288-A7F4-6A0EC7092B9B;01-08-2007
30036;adventure-works\shu0;F98903D8-A633-4004-AD3B-C7EF0845616B;01-08-2007
30037;adventure-works\garrett1;F1141256-0A49-42D0-AF3D-5D3E0FE6C05E;01-09-2006
30039;adventure-works\jillian0;4FF665F4-4CBF-42FF-AEDE-F0F73775B094;01-07-2006
30040;adventure-works\linda3;E6D036B6-1FAA-44C9-8AEC-6C9433BEBAB3;01-02-2007
30042;adventure-works\jos�1;A2B42E44-F4A3-4832-98F5-76BC1B928CF8;01-08-2005
30044;adventure-works\jae0;BA59C532-D2BA-4613-837F-893022F6E155;01-08-2006
30045;adventure-works\pamela0;4C70024F-CAF8-4349-9E00-435661769812;01-08-2006
30046;adventure-works\jillian0;C84E8115-5454-4FF6-A6F6-5342A4A01B6C;01-09-2006
30047;adventure-works\shu0;BE9B7B8E-80AC-4DDD-A35B-4D70E3631AA2;01-11-2006
30048;adventure-works\jos�1;435C6A1B-180C-4E92-96AA-6E8CB6C769CD;01-07-2006
30050;adventure-works\jae0;2492E57F-C37B-4AEB-A038-C3F897111232;01-09-2006
30051;adventure-works\pamela0;CBA8A194-7D3A-45DF-ADDA-4A4B6C8FCC95;01-07-2007
30052;adventure-works\shu0;C8C9C968-F0C6-44B1-9D44-7E0AA9D39260;01-07-2005
30053;adventure-works\garrett1;6ED7E1B6-3749-485C-BFED-92AE1CA427B3;01-09-2007
30055;adventure-works\jillian0;D075A674-CAC6-482E-BF78-5093DDBB23E7;01-08-2006
30056;adventure-works\linda3;89324B36-4A2E-470C-823A-93D3C1E6F3B0;01-08-2005
30058;adventure-works\garrett1;0C873F42-B527-4A71-A793-5B20F566E1D0;01-11-2005
30061;adventure-works\jillian0;6D42EC9D-BBDC-4CEE-AF72-306A3BD800C2;01-08-2007
30063;adventure-works\shu0;2A6FC73A-ECAF-4E0C-BE76-16C011A6E27D;01-08-2007
30064;adventure-works\david8;14E2DDF8-D5FA-4BEB-A103-75BBF747F14D;01-06-2006
30067;adventure-works\jos�1;67FCFC2C-8E14-45E7-B72D-2D4D7558C454;01-07-2005
30069;adventure-works\shu0;FFE5DE91-A621-482D-BD73-7D6B86DB4F18;01-09-2007
30070;adventure-works\david8;DF8629B4-8A88-4979-9A0B-1390939662C0;01-07-2007
30071;adventure-works\pamela0;7632AB5E-B59A-48D9-BD6E-DBBC7FA58914;01-09-2007
30072;adventure-works\jae0;9BBBDDC1-8E1A-4EDF-AA2F-A8ABEA78C940;01-09-2007
30074;adventure-works\jos�1;55E89B26-C63C-435D-AB1A-99C96771493B;01-08-2005
30076;adventure-works\shu0;98B44E06-1ED0-47C0-8396-31AB241EE995;01-08-2005
30080;adventure-works\david8;E092FFA5-31E5-471E-B2C5-653730617416;01-09-2007
30083;adventure-works\jos�1;B55CB46C-7C76-4723-A120-DAF3CA003009;01-09-2006
30087;adventure-works\garrett1;A48662D5-C698-4048-9546-C562DF2AC4E8;01-09-2007
30089;adventure-works\linda3;8D6AF1E8-5082-4E5C-9F15-DFD04E64FD95;01-09-2007
30090;adventure-works\jillian0;76A81A79-27AC-4375-BB24-2A360B9471EE;01-09-2005
30093;adventure-works\garrett1;0F8FB794-1025-4BFF-8219-2F19E09DC4AB;01-08-2007
30094;adventure-works\linda3;091CE76C-504B-46B9-9BBC-924CDC0C7B8D;01-08-2006
30095;adventure-works\jillian0;F4038305-63BC-4AAD-861C-30583BE7FDE7;01-08-2005
30098;adventure-works\garrett1;8EA3BF8E-37A9-439E-90AC-DA1F8F8FA6F3;01-07-2006
30100;adventure-works\linda3;ABC5D37C-0DAB-42C0-AA94-3C688C6EAE0E;01-08-2005
30102;adventure-works\jae0;0EE7E95D-F12D-4D0D-8C6E-C64A0DDA719A;01-12-2006
30104;adventure-works\jae0;AA874CB8-C96F-44DE-93BF-C1311238BD1D;01-07-2006
30105;adventure-works\pamela0;67CA966E-B20F-4230-B81C-42F0919D3EE6;01-09-2006
30106;adventure-works\jillian0;CA0D950A-A3FE-41C6-9B1A-125A5002DAFA;01-09-2005
30107;adventure-works\shu0;AC07DA4A-9FB0-4832-8219-5B6D43DD13D8;01-08-2005
30108;adventure-works\jos�1;A588EE77-50EE-445F-989B-E8DD9B31D587;01-08-2006
30109;adventure-works\michael9;71F5E3BB-78BD-426F-B75A-EEB76DC21473;01-07-2006
30110;adventure-works\shu0;4460C7AA-FE06-4D56-98CB-6DE6E050D73A;01-09-2006
30111;adventure-works\jillian0;D414D91F-8ABE-47DE-A576-DDD881E955DC;01-08-2005
30112;adventure-works\pamela0;B2E90958-4A9B-40F9-A8D8-091600B856B2;01-08-2006
30113;adventure-works\jae0;84975C44-DC82-49D3-BFC4-8F31B4C8E994;01-09-2006
30115;adventure-works\jos�1;E4CF8FD5-30A4-4B8E-8FD8-47032E255778;01-08-2006
30116;adventure-works\shu0;EC409609-D25D-41B8-9D15-A1AA6E89FC77;01-07-2007
30117;adventure-works\jillian0;6F08E2FB-1CD3-4F6E-A2E6-385669598B19;01-08-2005
30118;adventure-works\jillian0;2495B4EB-FE8B-459E-A1B6-DBA25C04E626;01-09-2006
